{"model": "bench-branin.json", "config": {"x1": 8.696515085384469, "x2": 14.454332220671416}}