{"model": "bench-branin.json", "config": {"x1": -3.7489622006050256, "x2": 0.9265188778415062}}