{"model": "bench-branin.json", "config": {"x1": 3.5522081275932003, "x2": 4.214038454331015}}