{"model": "bench-branin.json", "config": {"x1": 1.7171250538745415, "x2": 6.393599479589218}}