{"model": "bench-branin.json", "config": {"x1": -0.3863803539507433, "x2": 3.5212878444692484}}