{"model": "bench-branin.json", "config": {"x1": 7.024910296307125, "x2": 1.9796749840415102}}