{"model": "bench-branin.json", "config": {"x1": -2.2917198996486485, "x2": 14.618440595282294}}