{"model": "bench-branin.json", "config": {"x1": -0.9169370678771971, "x2": 9.193775405525692}}