{"model": "bench-branin.json", "config": {"x1": -2.713017046232, "x2": 12.017219512477542}}