{"model": "bench-branin.json", "config": {"x1": 3.5671513695101424, "x2": 0.4920596309559572}}